<?xml version="1.0" encoding="UTF-8"?>
<eml:eml packageId="knb-lter-sbc.77.6"
  system="https://pasta.edirepository.org"
  xmlns:eml="https://eml.ecoinformatics.org/eml-2.2.0"
  xmlns:stmml="http://www.xml-cml.org/schema/stmml-1.2"
  xmlns:xsi="http://www.w3.org/2001/XMLSchema-instance"
    xsi:schemaLocation="https://eml.ecoinformatics.org/eml-2.2.0 https://nis.lternet.edu/schemas/EML/eml-2.2.0/xsd/eml.xsd">
  <access
    authSystem="https://pasta.edirepository.org/authentication"
    order="allowFirst" scope="document"
      system="https://pasta.edirepository.org">
    <allow>
      <principal>uid=SBC,o=EDI,dc=ecoinformatics,dc=org</principal>
      <permission>all</permission>
    </allow>
    <allow>
      <principal>uid=lkui,o=EDI,dc=ecoinformatics,dc=org</principal>
      <permission>all</permission>
    </allow>
    <allow>
      <principal>public</principal>
      <permission>read</permission>
    </allow>
  </access>
  <dataset>
    <alternateIdentifier
        system="https://doi.org">doi:10.6073/pasta/0bcdc7e8b22b8f2c1801085e8ca24d59</alternateIdentifier><shortName>Lobster abundance, size and fishing pressure</shortName>
    <title>SBC LTER: Reef: Abundance, size and fishing effort for California Spiny Lobster (Panulirus interruptus), ongoing since 2012</title>
    <creator>
      <organizationName>Santa Barbara Coastal LTER</organizationName>
      <address>
        <deliveryPoint>Marine Science Institute University of California</deliveryPoint>
        <city>Santa Barbara</city>
        <administrativeArea>CA</administrativeArea>
        <postalCode>93106</postalCode>
        <country>USA</country>
      </address>
      <electronicMailAddress>sbclter@msi.ucsb.edu</electronicMailAddress>
    </creator>
    <creator>
      <individualName>
        <givenName>Daniel C</givenName>
        <surName>Reed</surName>
      </individualName>
      <address>
        <deliveryPoint>Marine Science Institute University of California</deliveryPoint>
        <city>Santa Barbara</city>
        <administrativeArea>CA</administrativeArea>
        <postalCode>93106-6150</postalCode>
        <country>US</country>
      </address>
      <phone>805-893-8363</phone>
      <electronicMailAddress>danreed@ucsb.edu</electronicMailAddress>
      <userId
        directory="https://orcid.org/">https://orcid.org/0000-0003-3015-8717</userId>
    </creator>
    <creator>
      <individualName>
        <givenName>Robert J</givenName>
        <surName>Miller</surName>
      </individualName>
      <address>
        <deliveryPoint>Marine Science Institute University of California</deliveryPoint>
        <city>Santa Barbara</city>
        <administrativeArea>CA</administrativeArea>
        <postalCode>93106-6150</postalCode>
        <country>US</country>
      </address>
      <phone>805-893-6174</phone>
      <electronicMailAddress>rjmiller@ucsb.edu</electronicMailAddress>
      <userId
        directory="https://orcid.org/">https://orcid.org/0000-0002-8350-3759</userId>
    </creator>
    <pubDate>2021-05-30</pubDate>
    <language>English</language>
    <abstract>
      <section>
        <para>
    Data on abundance, size and fishing pressure of California spiny
    lobster (Panulirus interruptus) are collected along the mainland
    coast of the Santa Barbara Channel. Spiny lobsters are an important
    predator in giant kelp forests off southern California. Two SBC LTER
    study reefs are located in or near the California Fish and Game
    Network of Marine Protected Areas (MPA), Naples and Isla Vista, both
    established as MPAs on 2012-01-01. MPAs provide a unique opportunity
    to investigate the effects of fishing on kelp forest community
    dynamics. Sampling began in 2012 and is ongoing.
  </para>
        <para>
    This dataset contains two tables. 1) Abundance and size data
    collected annually by divers in late summer before the start of the
    fishing season at five SBC LTER long term kelp forest study sites:
    two within MPAs (Naples and Isla Vista) and three outside (Arroyo
    Quemado, Mohawk and Carpinteria). 2) Fishing pressure, as determined
    by counting the number of commercial trap floats. Data are collected
    every two to four weeks during the lobster fishing season (October
    to March) at nine sites along the mainland, eight of which are also
    SBC LTER long-term kelp forest study reefs.
  </para>
        <para>
    See Methods for more information.  
  </para>
      </section>
    </abstract>
    <keywordSet>
      <keyword
        keywordType="theme">populations</keyword>
      <keywordThesaurus>LTER Core Research Areas</keywordThesaurus>
    </keywordSet>
    <keywordSet>
      <keyword
        keywordType="theme">abundance</keyword>
      <keyword
        keywordType="theme">benthic</keyword>
      <keyword
        keywordType="theme">long term</keyword>
      <keyword
        keywordType="theme">long term ecological research</keyword>
      <keyword
        keywordType="theme">LTER</keyword>
      <keyword
        keywordType="theme">marine</keyword>
      <keyword
        keywordType="theme">populations</keyword>
      <keyword
        keywordType="theme">Santa Barbara Coastal</keyword>
      <keyword
        keywordType="theme">size</keyword>
      <keywordThesaurus>LTER Controlled Vocabulary v1</keywordThesaurus>
    </keywordSet>
    <keywordSet>
      <keyword
        keywordType="theme">Community Structure</keyword>
      <keyword
        keywordType="theme">Kelp Forest</keyword>
      <keyword
        keywordType="theme">populations</keyword>
      <keyword
        keywordType="theme">Reef</keyword>
      <keywordThesaurus>SBC-LTER Controlled Vocabulary</keywordThesaurus>
    </keywordSet>
    <keywordSet>
      <keyword
        keywordType="place">Arroyo Burro Reef</keyword>
      <keyword
        keywordType="place">Arroyo Hondo Reef</keyword>
      <keyword
        keywordType="place">Arroyo Quemado Reef</keyword>
      <keyword
        keywordType="place">Carpinteria Reef</keyword>
      <keyword
        keywordType="place">Goleta Bay</keyword>
      <keyword
        keywordType="place">Isla Vista Reef</keyword>
      <keyword
        keywordType="place">Mohawk Reef</keyword>
      <keyword
        keywordType="place">Naples Reef</keyword>
      <keywordThesaurus>Santa Barbara Coastal LTER Places</keywordThesaurus>
    </keywordSet>
    <keywordSet>
      <keyword
        keywordType="theme">Marine Invertebrates</keyword>
      <keywordThesaurus>Global Change Master Directory (GCMD) v6.0.0.0.0</keywordThesaurus>
    </keywordSet>
    <keywordSet>
      <keyword
        keywordType="theme">Benthos</keyword>
      <keyword
        keywordType="theme">Reefs</keyword>
      <keyword
        keywordType="theme">Zoobenthos</keyword>
      <keywordThesaurus>NBII Biocomplexity</keywordThesaurus>
    </keywordSet>
    <keywordSet>
      <keyword
        keywordType="taxonomic">California Spiny Lobster</keyword>
      <keyword
        keywordType="taxonomic">crustaceans</keyword>
      <keyword
        keywordType="theme">Fishing pressure</keyword>
      <keyword
        keywordType="theme">LTER</keyword>
      <keyword
        keywordType="theme">LTER Core Research Areas</keyword>
      <keyword
        keywordType="theme">Marine Invertebrates</keyword>
      <keyword
          keywordType="taxonomic">Panulirus interruptus</keyword>
      <keywordThesaurus>none</keywordThesaurus>
    </keywordSet>
    <intellectualRights>
      <para>
  This data package is released under the Creative Commons License
  Attribution 4.0 International (CC BY 4.0, see
  https://creativecommons.org/licenses/by/4.0/). This license states
  that consumers ("Data Users" herein) may distribute, adapt,
  reuse, remix, and build upon this work, as long as they give
  appropriate credit, provide a link to the license, and indicate if
  changes were made. If redistributed, a Data User may not apply
  additional restrictions or technological measures that prevent access.
</para>
      <para>
  The Data User has an ethical obligation to cite the data source
  appropriately in any publication or product that results from its use,
  and notify the data contact or creator. Communication, collaboration,
  or co-authorship (as appropriate) with the creators of this data
  package is encouraged to prevent duplicate research or publication.
  The Data User is urged to contact the authors of these data if any
  questions about methodology or results occur. The Data User should
  realize that these data may be actively used by others for ongoing
  research and that coordination may be necessary to prevent duplication
  or inappropriate use. The Data User should realize that
  misinterpretation may occur if data are used outside of the context of
  the original study. The Data User should be aware that data are
  updated periodically and it is the responsibility of the Data User to
  check for new versions of the data.
</para>
      <para>
  While substantial efforts are made to ensure the accuracy of data and
  associated documentation, complete accuracy of data sets cannot be
  guaranteed. This data package (with its components) is made available
  “as is” and with no warranty of accuracy or fitness for use. The
  creators of this data package and the repository where these data were
  obtained shall not be liable for any damages resulting from
  misinterpretation, use or misuse of the data package or its
  components.
</para>
    </intellectualRights>
    <distribution>
      <online>
        <url
        function="information">http://sbc.lternet.edu/</url>
      </online>
    </distribution>
    <coverage>
      <geographicCoverage>
        <geographicDescription>AQUE: Arroyo Quemado Reef: Arroyo Quemado Reef depth range from 5.4 m to 10.7 m. Reference on Land is close to US101/Arroyo Quemada Ln.</geographicDescription>
        <boundingCoordinates>
          <westBoundingCoordinate>-120.11905</westBoundingCoordinate>
          <eastBoundingCoordinate>-120.11905</eastBoundingCoordinate>
          <northBoundingCoordinate>34.46774988</northBoundingCoordinate>
          <southBoundingCoordinate>34.46774988</southBoundingCoordinate>
        </boundingCoordinates>
      </geographicCoverage>
      <geographicCoverage>
        <geographicDescription>NAPL: Naples Reef is located on the Santa Barbara Channel near the community of Naples and Dos Pueblos Canyon, Santa Barbara County, CA. Depth ranges from -5.9 to -13.4 meters.</geographicDescription>
        <boundingCoordinates>
          <westBoundingCoordinate>-119.95154</westBoundingCoordinate>
          <eastBoundingCoordinate>-119.95154</eastBoundingCoordinate>
          <northBoundingCoordinate>34.4221216</northBoundingCoordinate>
          <southBoundingCoordinate>34.4221216</southBoundingCoordinate>
        </boundingCoordinates>
      </geographicCoverage>
      <geographicCoverage>
        <geographicDescription>IVEE: Isla Vista (IV) Reef is located on the Santa Barbara Channel near the University of California Santa Barbara, CA. Depth range is from -8.2 to -8.8 meters.</geographicDescription>
        <boundingCoordinates>
          <westBoundingCoordinate>-119.85755</westBoundingCoordinate>
          <eastBoundingCoordinate>-119.85755</eastBoundingCoordinate>
          <northBoundingCoordinate>34.402783</northBoundingCoordinate>
          <southBoundingCoordinate>34.402783</southBoundingCoordinate>
        </boundingCoordinates>
      </geographicCoverage>
      <geographicCoverage>
        <geographicDescription>MOHK: Mohawk Reef: Mohawk Reef depth ranges from 4.5m to 6.0 m. Reference on land is Mohawk Rd / Edgewater Way.</geographicDescription>
        <boundingCoordinates>
          <westBoundingCoordinate>-119.72957</westBoundingCoordinate>
          <eastBoundingCoordinate>-119.72957</eastBoundingCoordinate>
          <northBoundingCoordinate>34.3940708</northBoundingCoordinate>
          <southBoundingCoordinate>34.3940708</southBoundingCoordinate>
        </boundingCoordinates>
      </geographicCoverage>
      <geographicCoverage>
        <geographicDescription>CARP: Carpinteria Reef is located on the Santa Barbara Channel offshore of the Carpinteria Salt Marsh. Depth range is from -2.2 to -8.8 meters</geographicDescription>
        <boundingCoordinates>
          <westBoundingCoordinate>-119.5416933</westBoundingCoordinate>
          <eastBoundingCoordinate>-119.5416933</eastBoundingCoordinate>
          <northBoundingCoordinate>34.3916319</northBoundingCoordinate>
          <southBoundingCoordinate>34.3916319</southBoundingCoordinate>
        </boundingCoordinates>
      </geographicCoverage>
      <geographicCoverage>
        <geographicDescription>Arroyo Hondo Reef lobster trap survey extent: Approximate maximum bounding coordinates for lobster trap survey. Survey area covers a swath parallel to shore, from shoreline to the 15m isobath (approx 1km offshore). </geographicDescription>
        <boundingCoordinates>
          <westBoundingCoordinate>-120.14917</westBoundingCoordinate>
          <eastBoundingCoordinate>-120.1375</eastBoundingCoordinate>
          <northBoundingCoordinate>34.473</northBoundingCoordinate>
          <southBoundingCoordinate>34.4624</southBoundingCoordinate>
        </boundingCoordinates>
      </geographicCoverage>
      <geographicCoverage>
        <geographicDescription>Arroyo Hondo-to-Arroyo Quemado lobster trap survey extent: Approximate maximum bounding coordinates for lobster trap survey. Survey area covers a swath parallel to shore, from shoreline to the 15m isobath (approx 1km offshore). </geographicDescription>
        <boundingCoordinates>
          <westBoundingCoordinate>-120.1375</westBoundingCoordinate>
          <eastBoundingCoordinate>-120.1325</eastBoundingCoordinate>
          <northBoundingCoordinate>34.473</northBoundingCoordinate>
          <southBoundingCoordinate>34.4621</southBoundingCoordinate>
        </boundingCoordinates>
      </geographicCoverage>
      <geographicCoverage>
        <geographicDescription>Arroyo Quemado Reef lobster trap survey extent: Approximate maximum bounding coordinates for lobster trap survey. Survey area covers a swath parallel to shore, from shoreline to the 15m isobath (approx 1km offshore). </geographicDescription>
        <boundingCoordinates>
          <westBoundingCoordinate>-120.1325</westBoundingCoordinate>
          <eastBoundingCoordinate>-120.11417</eastBoundingCoordinate>
          <northBoundingCoordinate>34.4721</northBoundingCoordinate>
          <southBoundingCoordinate>34.4579</southBoundingCoordinate>
        </boundingCoordinates>
      </geographicCoverage>
      <geographicCoverage>
        <geographicDescription>Naples Reef lobster trap survey extent: Approximate maximum bounding coordinates for lobster trap survey. Survey area covers a swath parallel to shore, from shoreline to the 15m isobath (approx 1km offshore). </geographicDescription>
        <boundingCoordinates>
          <westBoundingCoordinate>-119.96667</westBoundingCoordinate>
          <eastBoundingCoordinate>-119.94833</eastBoundingCoordinate>
          <northBoundingCoordinate>34.4407</northBoundingCoordinate>
          <southBoundingCoordinate>34.4233</southBoundingCoordinate>
        </boundingCoordinates>
      </geographicCoverage>
      <geographicCoverage>
        <geographicDescription>Isla Vista Reef lobster trap survey extent: Approximate maximum bounding coordinates for lobster trap survey. Survey area covers a swath parallel to shore, from shoreline to the 15m isobath (approx 1km offshore). </geographicDescription>
        <boundingCoordinates>
          <westBoundingCoordinate>-119.89333</westBoundingCoordinate>
          <eastBoundingCoordinate>-119.85083</eastBoundingCoordinate>
          <northBoundingCoordinate>34.4189</northBoundingCoordinate>
          <southBoundingCoordinate>34.3958</southBoundingCoordinate>
        </boundingCoordinates>
      </geographicCoverage>
      <geographicCoverage>
        <geographicDescription>Goleta Bay Reef lobster trap survey extent: Approximate maximum bounding coordinates for lobster trap survey. Survey area covers a swath parallel to shore, from shoreline to the 15m isobath (approx 1km offshore). </geographicDescription>
        <boundingCoordinates>
          <westBoundingCoordinate>-119.82833</westBoundingCoordinate>
          <eastBoundingCoordinate>-119.81083</eastBoundingCoordinate>
          <northBoundingCoordinate>34.4156</northBoundingCoordinate>
          <southBoundingCoordinate>34.4051</southBoundingCoordinate>
        </boundingCoordinates>
      </geographicCoverage>
      <geographicCoverage>
        <geographicDescription>Arroyo Burro Reef lobster trap survey extent: Approximate maximum bounding coordinates for lobster trap survey. Survey area covers a swath parallel to shore, from shoreline to the 15m isobath (approx 1km offshore). </geographicDescription>
        <boundingCoordinates>
          <westBoundingCoordinate>-119.74917</westBoundingCoordinate>
          <eastBoundingCoordinate>-119.7375</eastBoundingCoordinate>
          <northBoundingCoordinate>34.4038</northBoundingCoordinate>
          <southBoundingCoordinate>34.3895</southBoundingCoordinate>
        </boundingCoordinates>
      </geographicCoverage>
      <geographicCoverage>
        <geographicDescription>Mohawk Reef lobster trap survey extent: Approximate maximum bounding coordinates for lobster trap survey. Survey area covers a swath parallel to shore, from shoreline to the 15m isobath (approx 1km offshore). </geographicDescription>
        <boundingCoordinates>
          <westBoundingCoordinate>-119.7375</westBoundingCoordinate>
          <eastBoundingCoordinate>-119.7275</eastBoundingCoordinate>
          <northBoundingCoordinate>34.3995</northBoundingCoordinate>
          <southBoundingCoordinate>34.3858</southBoundingCoordinate>
        </boundingCoordinates>
      </geographicCoverage>
      <geographicCoverage>
        <geographicDescription>Carpinteria Reef lobster trap survey extent: Approximate maximum bounding coordinates for lobster trap survey. Survey area covers a swath parallel to shore, from shoreline to the 15m isobath (approx 1km offshore). </geographicDescription>
        <boundingCoordinates>
          <westBoundingCoordinate>-119.54833</westBoundingCoordinate>
          <eastBoundingCoordinate>-119.53</eastBoundingCoordinate>
          <northBoundingCoordinate>34.405</northBoundingCoordinate>
          <southBoundingCoordinate>34.3851</southBoundingCoordinate>
        </boundingCoordinates>
      </geographicCoverage>
      <temporalCoverage>
        <rangeOfDates>
          <beginDate>
            <calendarDate>2012-08-20</calendarDate>
          </beginDate>
          <endDate>
            <calendarDate>2021-03-11</calendarDate>
          </endDate>
        </rangeOfDates>
      </temporalCoverage>
    </coverage>
    <contact>
      <positionName>Information Manager, Santa Barbara Coastal LTER</positionName>
      <address
        scope="document">
        <deliveryPoint>Marine Science Institute</deliveryPoint>
        <deliveryPoint>University of California</deliveryPoint>
        <city>Santa Barbara</city>
        <administrativeArea>California</administrativeArea>
        <postalCode>93106-6150</postalCode>
        <country>United States</country>
      </address>
      <phone
                phonetype="voice">805 893 2071</phone>
      <electronicMailAddress>sbclter@msi.ucsb.edu</electronicMailAddress>
      <onlineUrl>https://sbclter.msi.ucsb.edu/</onlineUrl>
    </contact>
    
    <publisher><organizationName>Environmental Data Initiative</organizationName><electronicMailAddress>info@environmentaldatainitiative.org</electronicMailAddress><onlineUrl>https://environmentaldatainitiative.org</onlineUrl></publisher><pubPlace>Environmental Data Initiative</pubPlace><methods>
      <methodStep>
        <description>
          <section>
            <para>
    The number and sizes of spiny lobster are recorded by divers in four
    60 x 5 m (300 m<superscript>2</superscript> total) lobster transects
    that are associated with each permanent SBC LTER kelp forest
    community survey transect.
  </para>
            <para>
    Data on the abundance and size of the California spiny lobster,
    <emphasis>Panulirus interruptus</emphasis>, are collected annually
    in late summer at five sites (Arroyo Quemado, Carpinteria, Isla
    Vista, Mohawk and Naples) along the mainland coast of the Santa
    Barbara Channel. Two of these sites (Naples and Isla Vista) were
    designated as Marine Protected Areas (MPA) in January 2012. The
    abundances of algae, invertebrates and fish have been monitored at
    these sites since 2001 in replicate 40 m x 2 m permanent SBC LTER
    transects. Although lobsters are counted in these transects, their
    density is not high enough to obtain reliable estimates of
    abundance. Therefore, the additional surveys were initiated in 2012,
    which encompass a much larger sampling area and focus exclusively on
    lobster.
  </para>
          </section>
        </description>
        <protocol>
          <title>SBC LTER Protocols - Reed Lab - Lobster Abundance and Size</title>
          <creator>
            <individualName>
              <surName>Reed</surName>
            </individualName>
          </creator>
          <distribution>
            <online>
              <url
                function="download">https://sbclter.msi.ucsb.edu/external/Reef/Protocols/lobsters/Reed_2014-09-29_lobster_abundance.pdf</url>
            </online>
          </distribution>
        </protocol>
      </methodStep>
      <methodStep>
        <description>
          <section>
            <para>
    Observers count surface floats which mark baited wire traps used by
    the commercial fishery in depths less than 15 m, in defined areas of
    coastline.
  </para>
            <para>
    The commercial fishery for the California spiny lobster
    (<emphasis>Panulirus interruptus</emphasis>) involves the use baited
    wire traps deployed on the bottom in rocky habitats and marked with
    surface floats (one trap per float). The fishing season lasts from
    October to March. The majority of fishing occurs in depths &lt; 15
    m. Fishing pressure by the commercial trap fishery is estimated at
    nine mainland areas, eight of which are SBC LTER kelp forest study
    sites. Two sites, Naples and Isla Vista, became marine protected
    areas (MPA) in January 2012. Fishing pressure is recorded by
    counting the number of traps in defined areas of coastline every two
    to four weeks during the fishing season (October to March). Lobster
    trap surveys began in October 2012.
  </para>
          </section>
        </description>
        <protocol>
          <title>SBC LTER Protocols - Reed Lab - Lobster Fishing Pressure</title>
          <creator>
            <individualName>
              <surName>Reed</surName>
            </individualName>
          </creator>
          <distribution>
            <online>
              <url
        function="download">https://sbclter.msi.ucsb.edu/external/Reef/Protocols/lobsters/Reed_2014-09-29_lobster_trap_counts.pdf</url>
            </online>
          </distribution>
        </protocol>
      </methodStep>
    </methods>
    <project>
      <title>Santa Barbara Coastal Long Term Ecological Research Project</title>
      <personnel
          scope="document">
        <individualName>
          <salutation>Dr.</salutation>
          <givenName>Robert</givenName>
          <surName>Miller</surName>
        </individualName>
        <address
          scope="document">
          <deliveryPoint>Marine Science Institute</deliveryPoint>
          <deliveryPoint>University of California</deliveryPoint>
          <city>Santa Barbara</city>
          <administrativeArea>California</administrativeArea>
          <postalCode>93106-6150</postalCode>
          <country>United States</country>
        </address>
        <phone
        phonetype="voice">805 893 6174</phone>
        <electronicMailAddress>miller@msi.ucsb.edu</electronicMailAddress>
        <role>Principal Investigator</role>
      </personnel>
      <personnel
          scope="document">
        <individualName>
          <salutation>Dr.</salutation>
          <givenName>Dan</givenName>
          <surName>Reed</surName>
        </individualName>
        <address
          scope="document">
          <deliveryPoint>Marine Science Institute</deliveryPoint>
          <deliveryPoint>University of California</deliveryPoint>
          <city>Santa Barbara</city>
          <administrativeArea>California</administrativeArea>
          <postalCode>93106-6150</postalCode>
          <country>United States</country>
        </address>
        <phone
        phonetype="voice">805 893 8363</phone>
        <electronicMailAddress>dan.reed@lifesci.ucsb.edu</electronicMailAddress>
        <role>Co-principal Investigator</role>
      </personnel>
      <personnel
          scope="document">
        <individualName>
          <salutation>Dr.</salutation>
          <givenName>Adrian</givenName>
          <surName>Stier</surName>
        </individualName>
        <address
          scope="document">
          <deliveryPoint>Department of Ecology, Evolution and Marine Biology</deliveryPoint>
          <deliveryPoint>University of California</deliveryPoint>
          <city>Santa Barbara</city>
          <administrativeArea>California</administrativeArea>
          <postalCode>93106-9260</postalCode>
          <country>United States</country>
        </address>
        <phone
        phonetype="voice">805 893 5467</phone>
        <electronicMailAddress>adrian.stier@lifesci.ucsb.edu</electronicMailAddress>
        <role>Co-principal Investigator</role>
      </personnel>
      <personnel
          scope="document">
        <individualName>
          <salutation>Dr.</salutation>
          <givenName>Gretchen</givenName>
          <surName>Hoffman</surName>
        </individualName>
        <address
          scope="document">
          <deliveryPoint>Department of Ecology, Evolution and Marine Biology</deliveryPoint>
          <deliveryPoint>University of California</deliveryPoint>
          <city>Santa Barbara</city>
          <administrativeArea>California</administrativeArea>
          <postalCode>93106-9620</postalCode>
          <country>United States</country>
        </address>
        <phone
        phonetype="voice">805 893 6175</phone>
        <electronicMailAddress>hofmann@lifesci.ucsb.edu</electronicMailAddress>
        <role>Co-principal Investigator</role>
      </personnel>
      <personnel
          scope="document">
        <individualName>
          <salutation>Dr.</salutation>
          <givenName>David</givenName>
          <surName>Siegel</surName>
        </individualName>
        <address
          scope="document">
          <deliveryPoint>Institute for Computational Earth System Science</deliveryPoint>
          <deliveryPoint>University of California</deliveryPoint>
          <city>Santa Barbara</city>
          <administrativeArea>California</administrativeArea>
          <postalCode>93106-3060</postalCode>
          <country>United States</country>
        </address>
        <phone
          phonetype="voice">805 893 4547</phone>
        <electronicMailAddress>davey@icess.ucsb.edu</electronicMailAddress>
        <role>Co-principal Investigator</role>
      </personnel>
      <abstract>
        <section>
          <para>The primary research objective of the Santa Barbara Coastal LTER is to investigate
            the importance of land and ocean processes in structuring giant kelp
              (<emphasis>Macrocystis pyrifera</emphasis> ) forest ecosystems. As in many temperate
            regions, the shallow rocky reefs in the Santa Barbara Channel, California, are dominated
            by giant kelp forests. Because of their close proximity to shore, kelp forests are
            influenced by physical and biological processes occurring on land as well as in the open
            ocean. SBC LTER research focuses on measuring and modeling the patterns, transport, and
            processing of material constituents (e.g., nutrients, carbon, sediment, organisms, and
            pollutants) from terrestrial watersheds and the coastal ocean to these reefs.
            Specifically, we are examining the effects of these material inputs on the primary
            production of kelp, and the population dynamics, community structure, and trophic
            interactions of kelp forest ecosystems.</para>
        </section>
      </abstract>
      <funding>
        <section>
          <para>NSF Award OCE-9982105, OCE-0620276, OCE-1232779, OCE-1831937</para>
        </section>
      </funding>
    </project>
    <dataTable>
      <entityName>Time-series of lobster abundance and size</entityName>
      <entityDescription>Time-series of abundance and size of California spiny lobster (Panulirus interruptus) at SBC LTER reefs</entityDescription>
      <physical>
        <objectName>Lobster_Abundance_All_Years_20210412.csv</objectName>
        <size
          unit="byte">248066</size>
        <authentication
              method="MD5">8a2b92df2db982447084626c446dbf74</authentication>
        <dataFormat>
          <textFormat>
            <numHeaderLines>1</numHeaderLines>
            <recordDelimiter>\r\n</recordDelimiter>
            <attributeOrientation>column</attributeOrientation>
            <simpleDelimited>
              <fieldDelimiter>,</fieldDelimiter>
              <collapseDelimiters>no</collapseDelimiters>
              <quoteCharacter>"</quoteCharacter>
            </simpleDelimited>
          </textFormat>
        </dataFormat>
        <distribution>
          <online>
            <url
          function="download">https://pasta.lternet.edu/package/data/eml/knb-lter-sbc/77/6/f32823fba432f58f66c06b589b7efac6</url>
          </online>
        </distribution>
      </physical>
      <attributeList>
        <attribute>
          <attributeName>YEAR</attributeName>
          <attributeLabel>Year</attributeLabel>
          <attributeDefinition>Calendar year</attributeDefinition>
          <storageType>integer</storageType>
          <measurementScale>
            <dateTime>
              <formatString>YYYY</formatString>
              <dateTimePrecision>1</dateTimePrecision>
              <dateTimeDomain/>
            </dateTime>
          </measurementScale>
        </attribute>
        <attribute>
          <attributeName>MONTH</attributeName>
          <attributeLabel>Month</attributeLabel>
          <attributeDefinition>Calendar month</attributeDefinition>
          <storageType>string</storageType>
          <measurementScale>
            <nominal>
              <nonNumericDomain>
                <textDomain>
                  <definition>any text</definition>
                </textDomain>
              </nonNumericDomain>
            </nominal>
          </measurementScale>
        </attribute>
        <attribute>
          <attributeName>DATE</attributeName>
          <attributeLabel>Date</attributeLabel>
          <attributeDefinition>Date of survey, (d)d-mon-yy</attributeDefinition>
          <storageType>date</storageType>
          <measurementScale>
            <dateTime>
              <formatString>YYYY-MM-DD</formatString>
              <dateTimePrecision>1</dateTimePrecision>
              <dateTimeDomain/>
            </dateTime>
          </measurementScale>
        </attribute>
        <attribute>
          <attributeName>SITE</attributeName>
          <attributeLabel>Site</attributeLabel>
          <attributeDefinition>Code for site sampled</attributeDefinition>
          <storageType>string</storageType>
          <measurementScale>
            <nominal>
              <nonNumericDomain>
                <enumeratedDomain>
                  <codeDefinition>
                    <code>AQUE</code>
                    <definition>Arroyo Quemado</definition>
                  </codeDefinition>
                  <codeDefinition>
                    <code>CARP</code>
                    <definition>Carpinteria</definition>
                  </codeDefinition>
                  <codeDefinition>
                    <code>IVEE</code>
                    <definition>Isla Vista</definition>
                  </codeDefinition>
                  <codeDefinition>
                    <code>MOHK</code>
                    <definition>Mohawk</definition>
                  </codeDefinition>
                  <codeDefinition>
                    <code>NAPL</code>
                    <definition>Naples</definition>
                  </codeDefinition>
                </enumeratedDomain>
              </nonNumericDomain>
            </nominal>
          </measurementScale>
        </attribute>
        <attribute>
          <attributeName>TRANSECT</attributeName>
          <attributeLabel>SBC LTER Transect name</attributeLabel>
          <attributeDefinition>40m transects defined by six permanent markers (stainless steel eyebolts or rebar stakes) at 0, 8, 16, 24, 32, and 40m</attributeDefinition>
          <storageType>string</storageType>
          <measurementScale>
            <nominal>
              <nonNumericDomain>
                <textDomain>
                  <definition>any text</definition>
                </textDomain>
              </nonNumericDomain>
            </nominal>
          </measurementScale>
        </attribute>
        <attribute>
          <attributeName>REPLICATE</attributeName>
          <attributeLabel>Lobster Transect name</attributeLabel>
          <attributeDefinition>Code for the lobster transect. 4 lobster transects (60m x 2m) are associated with an SBC LTER permanent transect. Transects A-D are arranged south to north (A is southern-most and D is the northern-most)</attributeDefinition>
          <storageType>string</storageType>
          <measurementScale>
            <nominal>
              <nonNumericDomain>
                <textDomain>
                  <definition>any text</definition>
                </textDomain>
              </nonNumericDomain>
            </nominal>
          </measurementScale>
        </attribute>
        <attribute>
          <attributeName>SIZE_MM</attributeName>
          <attributeLabel>Size</attributeLabel>
          <attributeDefinition>Visual estimate of lobster carapace length in mm</attributeDefinition>
          <storageType>float</storageType>
          <measurementScale>
            <ratio>
              <unit>
                <standardUnit>millimeter</standardUnit>
              </unit>
              <precision>0.1</precision>
              <numericDomain>
                <numberType>real</numberType>
              </numericDomain>
            </ratio>
          </measurementScale>
          <missingValueCode>
            <code>-99999</code>
            <codeExplanation>value not recorded or not available</codeExplanation>
          </missingValueCode>
        </attribute>
        <attribute>
          <attributeName>COUNT</attributeName>
          <attributeLabel>Count</attributeLabel>
          <attributeDefinition>Total number of lobsters of this size in the lobster transect</attributeDefinition>
          <storageType>integer</storageType>
          <measurementScale>
            <ratio>
              <unit>
                <standardUnit>number</standardUnit>
              </unit>
              <precision>1</precision>
              <numericDomain>
                <numberType>integer</numberType>
              </numericDomain>
            </ratio>
          </measurementScale>
          <missingValueCode>
            <code>-99999</code>
            <codeExplanation>value not recorded or not available</codeExplanation>
          </missingValueCode>
        </attribute>
        <attribute>
          <attributeName>NUM_AO</attributeName>
          <attributeLabel>NUM AO</attributeLabel>
          <attributeDefinition>Number of lobster that only its antenna was visiable</attributeDefinition>
          <storageType>integer</storageType>
          <measurementScale>
            <ratio>
              <unit>
                <standardUnit>number</standardUnit>
              </unit>
              <precision>1</precision>
              <numericDomain>
                <numberType>integer</numberType>
              </numericDomain>
            </ratio>
          </measurementScale>
          <missingValueCode>
            <code>-99999</code>
            <codeExplanation>value not recorded or not available</codeExplanation>
          </missingValueCode>
        </attribute>
        <attribute>
          <attributeName>AREA</attributeName>
          <attributeLabel>Sample Area</attributeLabel>
          <attributeDefinition>Lobster transect sampling area in meters squared</attributeDefinition>
          <storageType>integer</storageType>
          <measurementScale>
            <ratio>
              <unit>
                <customUnit>meterSquared</customUnit>
              </unit>
              <precision>1</precision>
              <numericDomain>
                <numberType>integer</numberType>
              </numericDomain>
            </ratio>
          </measurementScale>
          <missingValueCode>
            <code>-99999</code>
            <codeExplanation>value not recorded or not available</codeExplanation>
          </missingValueCode>
        </attribute>
      </attributeList>
      <numberOfRecords>6309</numberOfRecords>
    </dataTable>
    <dataTable>
      <entityName>Time-series of lobster trap buoy counts</entityName>
      <entityDescription>Time-series of counted trap marker buoys in spatially-discrete subsections inshore of the 15-m isobath</entityDescription>
      <physical>
        <objectName>Lobster_Trap_Counts_All_Years_20210519.csv</objectName>
        <size
          unit="byte">765871</size>
        <authentication
              method="MD5">2f44e7c3ef3c11853c44f1ff29746943</authentication>
        <dataFormat>
          <textFormat>
            <numHeaderLines>1</numHeaderLines>
            <recordDelimiter>\r\n</recordDelimiter>
            <attributeOrientation>column</attributeOrientation>
            <simpleDelimited>
              <fieldDelimiter>,</fieldDelimiter>
              <collapseDelimiters>no</collapseDelimiters>
              <quoteCharacter>"</quoteCharacter>
            </simpleDelimited>
          </textFormat>
        </dataFormat>
        <distribution>
          <online>
            <url
          function="download">https://pasta.lternet.edu/package/data/eml/knb-lter-sbc/77/6/66dd61c75bda17c23a3bce458c56ed84</url>
          </online>
        </distribution>
      </physical>
      <attributeList>
        <attribute>
          <attributeName>YEAR</attributeName>
          <attributeLabel>Year</attributeLabel>
          <attributeDefinition>Calendar year</attributeDefinition>
          <storageType>integer</storageType>
          <measurementScale>
            <dateTime>
              <formatString>YYYY</formatString>
              <dateTimePrecision>1</dateTimePrecision>
              <dateTimeDomain/>
            </dateTime>
          </measurementScale>
        </attribute>
        <attribute>
          <attributeName>MONTH</attributeName>
          <attributeLabel>Month</attributeLabel>
          <attributeDefinition>Calendar month</attributeDefinition>
          <storageType>string</storageType>
          <measurementScale>
            <nominal>
              <nonNumericDomain>
                <textDomain>
                  <definition>any text</definition>
                </textDomain>
              </nonNumericDomain>
            </nominal>
          </measurementScale>
        </attribute>
        <attribute>
          <attributeName>DATE</attributeName>
          <attributeLabel>Date</attributeLabel>
          <attributeDefinition>Date of survey. MM/DD/YYYY</attributeDefinition>
          <storageType>date</storageType>
          <measurementScale>
            <dateTime>
              <formatString>YYYY-MM-DD</formatString>
              <dateTimePrecision>1</dateTimePrecision>
              <dateTimeDomain/>
            </dateTime>
          </measurementScale>
        </attribute>
        <attribute>
          <attributeName>FISHING_SEASON</attributeName>
          <attributeLabel>Fishing Season</attributeLabel>
          <attributeDefinition>Year-range for the period when spiny lobster are legally fished in California, 6-months (October to March) </attributeDefinition>
          <storageType>string</storageType>
          <measurementScale>
            <nominal>
              <nonNumericDomain>
                <textDomain>
                  <definition>any text</definition>
                </textDomain>
              </nonNumericDomain>
            </nominal>
          </measurementScale>
        </attribute>
        <attribute>
          <attributeName>SITE</attributeName>
          <attributeLabel>Site</attributeLabel>
          <attributeDefinition>Code for site sampled</attributeDefinition>
          <storageType>string</storageType>
          <measurementScale>
            <nominal>
              <nonNumericDomain>
                <enumeratedDomain>
                  <codeDefinition>
                    <code>ABUR</code>
                    <definition>Arroyo Burro Reef</definition>
                  </codeDefinition>
                  <codeDefinition>
                    <code>AHND</code>
                    <definition>Arroyo Hondo Reef</definition>
                  </codeDefinition>
                  <codeDefinition>
                    <code>AHND to AQUE</code>
                    <definition>Area between Arroyo Hondo and Arroyo Quemado</definition>
                  </codeDefinition>
                  <codeDefinition>
                    <code>AQUE</code>
                    <definition>Arroyo Quemado Reef</definition>
                  </codeDefinition>
                  <codeDefinition>
                    <code>CARP</code>
                    <definition>Carpinteria Reef</definition>
                  </codeDefinition>
                  <codeDefinition>
                    <code>GOLB</code>
                    <definition>Goleta Bay Reef</definition>
                  </codeDefinition>
                  <codeDefinition>
                    <code>IVEE</code>
                    <definition>Isla Vista Reef</definition>
                  </codeDefinition>
                  <codeDefinition>
                    <code>MOHK</code>
                    <definition>Mohawk Reef</definition>
                  </codeDefinition>
                  <codeDefinition>
                    <code>NAPL</code>
                    <definition>Naples Reef</definition>
                  </codeDefinition>
                </enumeratedDomain>
              </nonNumericDomain>
            </nominal>
          </measurementScale>
        </attribute>
        <attribute>
          <attributeName>SEGMENT_START</attributeName>
          <attributeLabel>Segment start</attributeLabel>
          <attributeDefinition>Longitude (ddd mm.fff) of the starting edge of survey segment (usually west)</attributeDefinition>
          <storageType>string</storageType>
          <measurementScale>
            <nominal>
              <nonNumericDomain>
                <textDomain>
                  <definition>any text</definition>
                </textDomain>
              </nonNumericDomain>
            </nominal>
          </measurementScale>
        </attribute>
        <attribute>
          <attributeName>SEGMENT_END</attributeName>
          <attributeLabel>Segment end</attributeLabel>
          <attributeDefinition>Longitude (ddd mm.fff) of the ending edge of survey segment  (usually east)</attributeDefinition>
          <storageType>string</storageType>
          <measurementScale>
            <nominal>
              <nonNumericDomain>
                <textDomain>
                  <definition>any text</definition>
                </textDomain>
              </nonNumericDomain>
            </nominal>
          </measurementScale>
        </attribute>
        <attribute>
          <attributeName>TRAPS</attributeName>
          <attributeLabel>Number of traps</attributeLabel>
          <attributeDefinition>Number of lobster trap surface floats present in the 76 meter swath extending from shore to the 15 m isobath (approx. 1km)</attributeDefinition>
          <storageType>integer</storageType>
          <measurementScale>
            <ratio>
              <unit>
                <standardUnit>number</standardUnit>
              </unit>
              <precision>1</precision>
              <numericDomain>
                <numberType>integer</numberType>
              </numericDomain>
            </ratio>
          </measurementScale>
        </attribute>
        <attribute>
          <attributeName>OBSERVER</attributeName>
          <attributeLabel>Observer code</attributeLabel>
          <attributeDefinition>Numeric code indicating the SBCLTER data collector</attributeDefinition>
          <storageType>string</storageType>
          <measurementScale>
            <nominal>
              <nonNumericDomain>
                <textDomain>
                  <definition>any text</definition>
                </textDomain>
              </nonNumericDomain>
            </nominal>
          </measurementScale>
        </attribute>
        <attribute>
          <attributeName>NOTES</attributeName>
          <attributeLabel>Notes</attributeLabel>
          <attributeDefinition>Field observations associated with data collection</attributeDefinition>
          <storageType>string</storageType>
          <measurementScale>
            <nominal>
              <nonNumericDomain>
                <textDomain>
                  <definition>any text</definition>
                </textDomain>
              </nonNumericDomain>
            </nominal>
          </measurementScale>
        </attribute>
      </attributeList>
      <numberOfRecords>11071</numberOfRecords>
    </dataTable>
  </dataset>
  <additionalMetadata>
    <metadata>
      <unitList>
        <unit
          abbreviation="m2" constantToSI="0" id="meterSquared"
          multiplierToSI="1" name="meterSquared" parentSI="meter"
          unitType="area">
          <description>area, meter squared from the LTER unit dictionary</description>
        </unit>
        <unit
          abbreviation="mm" id="millimeter" multiplierToSI="0.001"
          name="millimeter"
          parentSI="meter">
          <description>.001 meters</description>
        </unit>
        <unit
          id="number" name="number" unitType="dimensionless">
          <description>a number</description>
        </unit>
      </unitList>
    </metadata>
  </additionalMetadata>
</eml:eml>
